<?xml version="1.0" encoding="UTF-8" standalone="no"?>
<changelog xmlns="http://www.omnigroup.com/namespace/OmniPlan/v2">
  <version>2.1</version>
  <task-change-set user="daiyunchao" date="2018-08-28T03:39:39.804Z" timestamp="2018-08-28T03:39:39.804Z">
    <change idref="t50" to="t-1" to-position="1" resolved="yes">
      <change idref="t50" attribute="isGroup" type="real" from="0" to="1"/>
      <change idref="t50" attribute="noEarlierThanConstraintDate" type="date" to="2018-09-20T00:00:00.000Z"/>
      <change idref="t50" attribute="taskType" type="real" from="0" to="2"/>
      <change idref="t50" attribute="title" type="string" to="单元测试测试"/>
    </change>
    <change idref="t1" attribute="isGroup" type="real" from="0" to="1" resolved="yes"/>
    <change idref="t1" attribute="multiResourceWorkType" type="real" from="0" resolved="yes"/>
    <change idref="t1" attribute="isSplittableTask" type="real" from="1" resolved="yes"/>
    <change idref="t1" attribute="taskType" type="real" from="0" to="2" resolved="yes"/>
    <change idref="t1" attribute="title" type="string" from="任务 1" to="智能复习系统" resolved="yes"/>
    <change idref="t1" attribute="resourceAssignmentType" type="real" from="0" resolved="yes"/>
    <change idref="t1" attribute="staticCost" type="real" from="0" resolved="yes"/>
    <change idref="t1" attribute="effort" type="real" from="28800" resolved="yes"/>
    <change idref="t1" attribute="isSplitChunk" type="real" from="0" resolved="yes"/>
    <change idref="t1" attribute="scheduleType" type="real" from="0" resolved="yes"/>
    <change idref="t1" attribute="internalAssignments" type="string" from="" resolved="yes"/>
    <change idref="t1" attribute="noEarlierThanConstraintDate" type="date" to="2018-08-30T07:15:00.000Z" resolved="yes"/>
    <change idref="t1" attribute="isSplitTask" type="real" from="0" resolved="yes"/>
    <change idref="t1" attribute="internalEffortDone" type="real" from="0" resolved="yes"/>
    <change idref="t19" to="t1" to-position="0" resolved="yes">
      <change idref="t19" attribute="internalAssignments" type="string" from="" to="3"/>
      <change idref="t19" attribute="noEarlierThanConstraintDate" type="date" to="2018-08-28T00:00:00.000Z"/>
      <change idref="t19" attribute="title" type="string" to="知识点（目录）"/>
    </change>
    <change idref="t18" to="t1" to-position="1" resolved="yes">
      <change idref="t18" attribute="effort" type="real" from="28800" to="144000"/>
      <change idref="t18" attribute="internalAssignments" type="string" from="" to="2"/>
      <change idref="t18" attribute="noEarlierThanConstraintDate" type="date" to="2018-08-28T00:00:00.000Z"/>
      <change idref="t18" attribute="title" type="string" to="日历（自定义View）"/>
    </change>
    <change idref="t4" to="t1" to-position="2" resolved="yes">
      <change idref="t4" attribute="isGroup" type="real" from="0" to="1"/>
      <change idref="t4" attribute="taskType" type="real" from="0" to="2"/>
      <change idref="t4" attribute="title" type="string" to="首页"/>
    </change>
    <change idref="t20" to="t1" to-position="3" resolved="yes">
      <change idref="t20" attribute="isGroup" type="real" from="0" to="1"/>
      <change idref="t20" attribute="noEarlierThanConstraintDate" type="date" to="2018-09-03T00:00:00.000Z"/>
      <change idref="t20" attribute="taskType" type="real" from="0" to="2"/>
      <change idref="t20" attribute="title" type="string" to="智能复习"/>
    </change>
    <change idref="t30" to="t1" to-position="4" resolved="yes">
      <change idref="t30" attribute="isGroup" type="real" from="0" to="1"/>
      <change idref="t30" attribute="taskType" type="real" from="0" to="2"/>
      <change idref="t30" attribute="title" type="string" to="做题"/>
    </change>
    <change idref="t5" to="t1" to-position="5" resolved="yes">
      <change idref="t5" attribute="isGroup" type="real" from="0" to="1"/>
      <change idref="t5" attribute="taskType" type="real" from="0" to="2"/>
      <change idref="t5" attribute="title" type="string" to="错题本"/>
    </change>
    <change idref="t9" to="t1" to-position="6" resolved="yes">
      <change idref="t9" attribute="effort" type="real" from="28800" to="86400"/>
      <change idref="t9" attribute="internalAssignments" type="string" from="" to="2"/>
      <change idref="t9" attribute="noEarlierThanConstraintDate" type="date" to="2018-09-26T00:00:00.000Z"/>
      <change idref="t9" attribute="title" type="string" to="功能引导图"/>
    </change>
    <change idref="t47" to="t1" to-position="7" resolved="yes">
      <change idref="t47" attribute="internalAssignments" type="string" from="" to="3"/>
      <change idref="t47" attribute="noEarlierThanConstraintDate" type="date" to="2018-09-28T00:00:00.000Z"/>
      <change idref="t47" attribute="title" type="string" to="支持推送"/>
    </change>
    <change idref="t41" to="t5" to-position="0" resolved="yes">
      <change idref="t41" attribute="effort" type="real" from="28800" to="57600"/>
      <change idref="t41" attribute="internalAssignments" type="string" from="" to="2"/>
      <change idref="t41" attribute="noEarlierThanConstraintDate" type="date" to="2018-09-17T00:00:00.000Z"/>
      <change idref="t41" attribute="title" type="string" to="全部错题页面"/>
    </change>
    <change idref="t42" to="t5" to-position="1" resolved="yes">
      <change idref="t42" attribute="effort" type="real" from="28800" to="57600"/>
      <change idref="t42" attribute="internalAssignments" type="string" from="" to="3"/>
      <change idref="t42" attribute="noEarlierThanConstraintDate" type="date" to="2018-09-21T00:00:00.000Z"/>
      <change idref="t42" attribute="title" type="string" to="相关题目页面"/>
    </change>
    <change idref="t10" to="t5" to-position="2" resolved="yes">
      <change idref="t10" attribute="effort" type="real" from="28800" to="86400"/>
      <change idref="t10" attribute="internalAssignments" type="string" from="" to="3"/>
      <change idref="t10" attribute="noEarlierThanConstraintDate" type="date" to="2018-09-25T00:00:00.000Z"/>
      <change idref="t10" attribute="title" type="string" to="重点题目"/>
    </change>
    <change idref="t43" to="t5" to-position="3" resolved="yes">
      <change idref="t43" attribute="effort" type="real" from="28800" to="57600"/>
      <change idref="t43" attribute="internalAssignments" type="string" from="" to="2"/>
      <change idref="t43" attribute="noEarlierThanConstraintDate" type="date" to="2018-09-19T00:00:00.000Z"/>
      <change idref="t43" attribute="title" type="string" to="错题本筛选-科目"/>
    </change>
    <change idref="t44" to="t5" to-position="4" resolved="yes">
      <change idref="t44" attribute="internalAssignments" type="string" from="" to="2"/>
      <change idref="t44" attribute="noEarlierThanConstraintDate" type="date" to="2018-09-21T00:00:00.000Z"/>
      <change idref="t44" attribute="title" type="string" to="错题本筛选-选择"/>
    </change>
    <change idref="t45" to="t5" to-position="5" resolved="yes">
      <change idref="t45" attribute="effort" type="real" from="28800" to="57600"/>
      <change idref="t45" attribute="internalAssignments" type="string" from="" to="2"/>
      <change idref="t45" attribute="noEarlierThanConstraintDate" type="date" to="2018-09-24T00:00:00.000Z"/>
      <change idref="t45" attribute="title" type="string" to="错题本筛选-默认状态"/>
    </change>
    <change idref="t21" to="t20" to-position="0" resolved="yes">
      <change idref="t21" attribute="internalAssignments" type="string" from="" to="2"/>
      <change idref="t21" attribute="noEarlierThanConstraintDate" type="date" to="2018-09-03T00:00:00.000Z"/>
      <change idref="t21" attribute="title" type="string" to="智能复习默认页（无复习科目）"/>
    </change>
    <change idref="t22" to="t20" to-position="1" resolved="yes">
      <change idref="t22" attribute="internalAssignments" type="string" from="" to="2"/>
      <change idref="t22" attribute="noEarlierThanConstraintDate" type="date" to="2018-09-04T00:00:00.000Z"/>
      <change idref="t22" attribute="title" type="string" to="智能复习默认页（有复习科目）"/>
    </change>
    <change idref="t23" to="t20" to-position="2" resolved="yes">
      <change idref="t23" attribute="internalAssignments" type="string" from="" to="2"/>
      <change idref="t23" attribute="noEarlierThanConstraintDate" type="date" to="2018-09-05T00:00:00.000Z"/>
      <change idref="t23" attribute="title" type="string" to="智能复习（设置过科目计划）页面"/>
    </change>
    <change idref="t24" to="t20" to-position="3" resolved="yes">
      <change idref="t24" attribute="internalAssignments" type="string" from="" to="2"/>
      <change idref="t24" attribute="noEarlierThanConstraintDate" type="date" to="2018-09-06T00:00:00.000Z"/>
      <change idref="t24" attribute="title" type="string" to="定制复习计划"/>
    </change>
    <change idref="t25" to="t20" to-position="4" resolved="yes">
      <change idref="t25" attribute="internalAssignments" type="string" from="" to="2"/>
      <change idref="t25" attribute="noEarlierThanConstraintDate" type="date" to="2018-09-07T00:00:00.000Z"/>
      <change idref="t25" attribute="title" type="string" to="指定复习-已制定"/>
    </change>
    <change idref="t26" to="t20" to-position="5" resolved="yes">
      <change idref="t26" attribute="isGroup" type="real" from="0" to="1"/>
      <change idref="t26" attribute="noEarlierThanConstraintDate" type="date" to="2018-09-10T00:00:00.000Z"/>
      <change idref="t26" attribute="taskType" type="real" from="0" to="2"/>
      <change idref="t26" attribute="title" type="string" to="指定复习计划"/>
    </change>
    <change idref="t27" to="t26" to-position="0" resolved="yes">
      <change idref="t27" attribute="effort" type="real" from="28800" to="57600"/>
      <change idref="t27" attribute="internalAssignments" type="string" from="" to="2"/>
      <change idref="t27" attribute="title" type="string" to="选择频率"/>
    </change>
    <change idref="t28" to="t26" to-position="1" resolved="yes">
      <change idref="t28" attribute="effort" type="real" from="28800" to="57600"/>
      <change idref="t28" attribute="internalAssignments" type="string" from="" to="2"/>
      <change idref="t28" attribute="noEarlierThanConstraintDate" type="date" to="2018-09-12T00:00:00.000Z"/>
      <change idref="t28" attribute="title" type="string" to="选择时长"/>
    </change>
    <change idref="t29" to="t26" to-position="2" resolved="yes">
      <change idref="t29" attribute="internalAssignments" type="string" from="" to="2"/>
      <change idref="t29" attribute="noEarlierThanConstraintDate" type="date" to="2018-09-14T00:00:00.000Z"/>
      <change idref="t29" attribute="title" type="string" to="选择时段"/>
    </change>
    <change idref="t31" to="t30" to-position="0" resolved="yes">
      <change idref="t31" attribute="internalAssignments" type="string" from="" to="3"/>
      <change idref="t31" attribute="noEarlierThanConstraintDate" type="date" to="2018-09-04T00:00:00.000Z"/>
      <change idref="t31" attribute="title" type="string" to="单选页面"/>
    </change>
    <change idref="t32" to="t30" to-position="1" resolved="yes">
      <change idref="t32" attribute="internalAssignments" type="string" from="" to="3"/>
      <change idref="t32" attribute="noEarlierThanConstraintDate" type="date" to="2018-09-05T00:00:00.000Z"/>
      <change idref="t32" attribute="title" type="string" to="多选页面"/>
    </change>
    <change idref="t33" to="t30" to-position="2" resolved="yes">
      <change idref="t33" attribute="internalAssignments" type="string" from="" to="3"/>
      <change idref="t33" attribute="noEarlierThanConstraintDate" type="date" to="2018-09-06T00:00:00.000Z"/>
      <change idref="t33" attribute="title" type="string" to="判断页面"/>
    </change>
    <change idref="t34" to="t30" to-position="3" resolved="yes">
      <change idref="t34" attribute="internalAssignments" type="string" from="" to="3"/>
      <change idref="t34" attribute="noEarlierThanConstraintDate" type="date" to="2018-09-07T00:00:00.000Z"/>
      <change idref="t34" attribute="title" type="string" to="填空题页面"/>
    </change>
    <change idref="t35" to="t30" to-position="4" resolved="yes">
      <change idref="t35" attribute="effort" type="real" from="28800" to="86400"/>
      <change idref="t35" attribute="internalAssignments" type="string" from="" to="3"/>
      <change idref="t35" attribute="noEarlierThanConstraintDate" type="date" to="2018-09-10T00:00:00.000Z"/>
      <change idref="t35" attribute="title" type="string" to="综合题页面"/>
    </change>
    <change idref="t36" to="t30" to-position="5" resolved="yes">
      <change idref="t36" attribute="internalAssignments" type="string" from="" to="3"/>
      <change idref="t36" attribute="noEarlierThanConstraintDate" type="date" to="2018-09-13T00:00:00.000Z"/>
      <change idref="t36" attribute="title" type="string" to="综合体-客观题页面"/>
    </change>
    <change idref="t37" to="t30" to-position="6" resolved="yes">
      <change idref="t37" attribute="internalAssignments" type="string" from="" to="3"/>
      <change idref="t37" attribute="noEarlierThanConstraintDate" type="date" to="2018-09-14T00:00:00.000Z"/>
      <change idref="t37" attribute="title" type="string" to="做题-弹窗-选择复习时长"/>
    </change>
    <change idref="t38" to="t30" to-position="7" resolved="yes">
      <change idref="t38" attribute="effort" type="real" from="28800" to="86400"/>
      <change idref="t38" attribute="internalAssignments" type="string" from="" to="3"/>
      <change idref="t38" attribute="noEarlierThanConstraintDate" type="date" to="2018-09-17T00:00:00.000Z"/>
      <change idref="t38" attribute="title" type="string" to="查看答案解析"/>
    </change>
    <change idref="t39" to="t30" to-position="8" resolved="yes">
      <change idref="t39" attribute="internalAssignments" type="string" from="" to="3"/>
      <change idref="t39" attribute="noEarlierThanConstraintDate" type="date" to="2018-09-20T00:00:00.000Z"/>
      <change idref="t39" attribute="title" type="string" to="复习完了-状态1"/>
    </change>
    <change idref="t40" to="t30" to-position="9" resolved="yes">
      <change idref="t40" attribute="internalAssignments" type="string" from="" to="3"/>
      <change idref="t40" attribute="noEarlierThanConstraintDate" type="date" to="2018-09-20T00:00:00.000Z"/>
      <change idref="t40" attribute="title" type="string" to="复习完了-状态2"/>
    </change>
    <change idref="t51" to="t50" to-position="0" resolved="yes">
      <change idref="t51" attribute="title" type="string" to="主要流程单元测试"/>
    </change>
    <change idref="t6" to="t4" to-position="0" resolved="yes">
      <change idref="t6" attribute="internalAssignments" type="string" from="" to="3"/>
      <change idref="t6" attribute="noEarlierThanConstraintDate" type="date" to="2018-09-03T00:00:00.000Z"/>
      <change idref="t6" attribute="title" type="string" to="功能支持多页轮滑"/>
    </change>
  </task-change-set>
  <task-change-set user="daiyunchao" date="2018-08-28T05:30:09.847Z" timestamp="2018-08-28T05:30:09.847Z">
    <change idref="t63" to="t-1" to-position="0" resolved="yes">
      <change idref="t63" attribute="isGroup" type="real" from="0" to="1"/>
      <change idref="t63" attribute="noEarlierThanConstrainedTaskEnd" type="real" from="0" to="1"/>
      <change idref="t63" attribute="noEarlierThanConstraintDate" type="date" to="2018-08-29T00:00:00.000Z"/>
      <change idref="t63" attribute="taskType" type="real" from="0" to="2"/>
      <change idref="t63" attribute="title" type="string" to="自定义ViewDemo"/>
    </change>
    <change idref="t1" attribute="noEarlierThanConstraintDate" type="date" from="2018-08-30T07:15:00.000Z" to="2018-09-06T00:00:00.000Z" resolved="yes"/>
    <change idref="t18" from="t1" from-position="1" resolved="yes">
      <change idref="t18" attribute="effort" type="real" from="28800" to="144000"/>
      <change idref="t18" attribute="internalAssignments" type="string" from="" to="2"/>
      <change idref="t18" attribute="noEarlierThanConstraintDate" type="date" to="2018-08-28T00:00:00.000Z"/>
      <change idref="t18" attribute="title" type="string" to="日历（自定义View）"/>
    </change>
    <change idref="t19" from="t1" from-position="0" resolved="yes">
      <change idref="t19" attribute="internalAssignments" type="string" from="" to="3"/>
      <change idref="t19" attribute="noEarlierThanConstraintDate" type="date" to="2018-08-28T00:00:00.000Z"/>
      <change idref="t19" attribute="title" type="string" to="知识点（目录）"/>
    </change>
    <change idref="t41" from="t5" from-position="0" to="t5" to-position="2" resolved="yes"/>
    <change idref="t9" attribute="noEarlierThanConstraintDate" type="date" from="2018-09-26T00:00:00.000Z" to="2018-09-28T00:00:00.000Z" resolved="yes"/>
    <change idref="t10" attribute="noEarlierThanConstraintDate" type="date" from="2018-09-25T00:00:00.000Z" to="2018-09-28T00:00:00.000Z" resolved="yes"/>
    <change idref="t21" attribute="noEarlierThanConstraintDate" type="date" from="2018-09-03T00:00:00.000Z" to="2018-09-06T00:00:00.000Z" resolved="yes"/>
    <change idref="t22" attribute="noEarlierThanConstraintDate" type="date" from="2018-09-04T00:00:00.000Z" to="2018-09-07T00:00:00.000Z" resolved="yes"/>
    <change idref="t23" attribute="noEarlierThanConstraintDate" type="date" from="2018-09-05T00:00:00.000Z" to="2018-09-10T00:00:00.000Z" resolved="yes"/>
    <change idref="t24" attribute="noEarlierThanConstraintDate" type="date" from="2018-09-06T00:00:00.000Z" to="2018-09-11T00:00:00.000Z" resolved="yes"/>
    <change idref="t25" attribute="noEarlierThanConstraintDate" type="date" from="2018-09-07T00:00:00.000Z" to="2018-09-12T00:00:00.000Z" resolved="yes"/>
    <change idref="t27" attribute="noEarlierThanConstraintDate" type="date" to="2018-09-13T00:00:00.000Z" resolved="yes"/>
    <change idref="t28" attribute="noEarlierThanConstraintDate" type="date" from="2018-09-12T00:00:00.000Z" to="2018-09-17T00:00:00.000Z" resolved="yes"/>
    <change idref="t29" attribute="noEarlierThanConstraintDate" type="date" from="2018-09-14T00:00:00.000Z" to="2018-09-19T00:00:00.000Z" resolved="yes"/>
    <change idref="t32" attribute="noEarlierThanConstraintDate" type="date" from="2018-09-05T00:00:00.000Z" to="2018-09-07T00:00:00.000Z" resolved="yes"/>
    <change idref="t33" attribute="noEarlierThanConstraintDate" type="date" from="2018-09-06T00:00:00.000Z" to="2018-09-10T00:00:00.000Z" resolved="yes"/>
    <change idref="t34" attribute="noEarlierThanConstraintDate" type="date" from="2018-09-07T00:00:00.000Z" to="2018-09-11T00:00:00.000Z" resolved="yes"/>
    <change idref="t35" attribute="noEarlierThanConstraintDate" type="date" from="2018-09-10T00:00:00.000Z" to="2018-09-12T00:00:00.000Z" resolved="yes"/>
    <change idref="t36" attribute="noEarlierThanConstraintDate" type="date" from="2018-09-13T00:00:00.000Z" to="2018-09-17T00:00:00.000Z" resolved="yes"/>
    <change idref="t37" attribute="noEarlierThanConstraintDate" type="date" from="2018-09-14T00:00:00.000Z" to="2018-09-18T00:00:00.000Z" resolved="yes"/>
    <change idref="t38" attribute="noEarlierThanConstraintDate" type="date" from="2018-09-17T00:00:00.000Z" to="2018-09-19T00:00:00.000Z" resolved="yes"/>
    <change idref="t39" attribute="noEarlierThanConstraintDate" type="date" from="2018-09-20T00:00:00.000Z" to="2018-09-24T00:00:00.000Z" resolved="yes"/>
    <change idref="t40" attribute="noEarlierThanConstraintDate" type="date" from="2018-09-20T00:00:00.000Z" to="2018-09-25T00:00:00.000Z" resolved="yes"/>
    <change idref="t41" attribute="noEarlierThanConstraintDate" type="date" from="2018-09-17T00:00:00.000Z" to="2018-09-20T00:00:00.000Z" resolved="yes"/>
    <change idref="t42" attribute="noEarlierThanConstraintDate" type="date" from="2018-09-21T00:00:00.000Z" to="2018-09-26T00:00:00.000Z" resolved="yes"/>
    <change idref="t43" attribute="noEarlierThanConstraintDate" type="date" from="2018-09-19T00:00:00.000Z" to="2018-09-24T00:00:00.000Z" resolved="yes"/>
    <change idref="t44" attribute="noEarlierThanConstraintDate" type="date" from="2018-09-21T00:00:00.000Z" to="2018-09-26T00:00:00.000Z" resolved="yes"/>
    <change idref="t45" attribute="effort" type="real" from="57600" to="28800" resolved="yes"/>
    <change idref="t45" attribute="noEarlierThanConstraintDate" type="date" from="2018-09-24T00:00:00.000Z" to="2018-09-27T00:00:00.000Z" resolved="yes"/>
    <change idref="t47" attribute="noEarlierThanConstraintDate" type="date" from="2018-09-28T00:00:00.000Z" to="2018-10-09T00:00:00.000Z" resolved="yes"/>
    <change idref="t57" to="t50" to-position="1" resolved="yes">
      <change idref="t57" attribute="effort" type="real" from="28800" to="633600"/>
      <change idref="t57" attribute="internalAssignments" type="string" from="" to="3"/>
      <change idref="t57" attribute="title" type="string" to="主要流程单元测试（做题）"/>
    </change>
    <change idref="t51" attribute="title" type="string" from="主要流程单元测试" to="主要流程单元测试(复习计划)" resolved="yes"/>
    <change idref="t51" attribute="effort" type="real" from="28800" to="633600" resolved="yes"/>
    <change idref="t51" attribute="internalAssignments" type="string" from="" to="2" resolved="yes"/>
    <change idref="t64" to="t63" to-position="0" resolved="yes">
      <change idref="t64" attribute="effort" type="real" from="28800" to="86400"/>
      <change idref="t64" attribute="internalAssignments" type="string" from="" to="3"/>
      <change idref="t64" attribute="title" type="string" to="知识点目录"/>
    </change>
    <change idref="t65" to="t63" to-position="1" resolved="yes">
      <change idref="t65" attribute="effort" type="real" from="28800" to="115200"/>
      <change idref="t65" attribute="internalAssignments" type="string" from="" to="2"/>
      <change idref="t65" attribute="title" type="string" to="自定义日历Demo实现"/>
    </change>
  </task-change-set>
  <resource-change-set user="daiyunchao" date="2018-08-28T03:39:39.803Z" timestamp="2018-08-28T03:39:39.803Z">
    <change idref="r2" to="r-1" to-position="1" resolved="yes">
      <change idref="r2" attribute="name" type="string" to="朱志强"/>
    </change>
    <change idref="r3" to="r-1" to-position="2" resolved="yes">
      <change idref="r3" attribute="name" type="string" to="陈龙"/>
    </change>
    <change idref="r4" to="r-1" to-position="3" resolved="yes">
      <change idref="r4" attribute="name" type="string" to="代运超"/>
    </change>
    <change idref="r1" attribute="name" type="string" from="资源 1" to="郑皓泽" resolved="yes"/>
  </resource-change-set>
  <metadata-change-set user="daiyunchao" date="2018-08-28T03:39:39.802Z" timestamp="2018-08-28T03:39:39.802Z">
    <change idref="m1" attribute="fixedDate" type="date" from="2007-01-01T20:00:00.000Z" to="2018-09-03T00:00:00.000Z" resolved="yes"/>
  </metadata-change-set>
</changelog>
