<?xml version="1.0" encoding="UTF-8" standalone="no"?>
<scenario xmlns="http://www.omnigroup.com/namespace/OmniPlan/v2" xmlns:opns="http://www.omnigroup.com/namespace/OmniPlan/v2" id="dNkMSMXXgLK">
  <start-date>2018-09-03T00:00:00.000Z</start-date>
  <prototype-task>
    <task id="t-2">
      <title>任务 1</title>
      <effort>28800</effort>
    </task>
  </prototype-task>
  <prototype-task>
    <task id="t-3">
      <title>里程碑 1</title>
      <type>milestone</type>
    </task>
  </prototype-task>
  <prototype-task>
    <task id="t-4">
      <title>群组 1</title>
      <type>group</type>
    </task>
  </prototype-task>
  <prototype-resource>
    <resource id="r-2">
      <name>资源 1</name>
      <type>Staff</type>
    </resource>
  </prototype-resource>
  <prototype-resource>
    <resource id="r-3">
      <name>设备 1</name>
      <type>Equipment</type>
    </resource>
  </prototype-resource>
  <prototype-resource>
    <resource id="r-4">
      <name>素材 1</name>
      <type>Material</type>
      <units-available>0</units-available>
      <efficiency>0</efficiency>
    </resource>
  </prototype-resource>
  <prototype-resource>
    <resource id="r-5">
      <name>群组 1</name>
      <type>Group</type>
    </resource>
  </prototype-resource>
  <top-resource idref="r-1"/>
  <resource id="r-1">
    <type>Group</type>
    <child-resource idref="r1"/>
    <child-resource idref="r2"/>
    <child-resource idref="r3"/>
    <child-resource idref="r4"/>
  </resource>
  <resource id="r1">
    <name>郑皓泽</name>
    <type>Staff</type>
  </resource>
  <resource id="r2">
    <name>朱志强</name>
    <type>Staff</type>
  </resource>
  <resource id="r3">
    <name>陈龙</name>
    <type>Staff</type>
  </resource>
  <resource id="r4">
    <name>代运超</name>
    <type>Staff</type>
  </resource>
  <top-task idref="t-1"/>
  <task id="t-1">
    <type>group</type>
    <child-task idref="t63"/>
    <child-task idref="t1"/>
    <child-task idref="t50"/>
  </task>
  <task id="t1">
    <title>智能复习系统</title>
    <type>group</type>
    <start-constraint-date>2018-09-06T00:00:00.000Z</start-constraint-date>
    <child-task idref="t4"/>
    <child-task idref="t20"/>
    <child-task idref="t30"/>
    <child-task idref="t5"/>
    <child-task idref="t9"/>
    <child-task idref="t47"/>
    <start-no-earlier-than>2018-09-06T00:00:00.000Z</start-no-earlier-than>
  </task>
  <task id="t4">
    <title>首页</title>
    <type>group</type>
    <child-task idref="t6"/>
  </task>
  <task id="t5">
    <title>错题本</title>
    <type>group</type>
    <child-task idref="t42"/>
    <child-task idref="t10"/>
    <child-task idref="t41"/>
    <child-task idref="t43"/>
    <child-task idref="t44"/>
    <child-task idref="t45"/>
  </task>
  <task id="t6">
    <title>功能支持多页轮滑</title>
    <effort>28800</effort>
    <start-constraint-date>2018-09-03T00:00:00.000Z</start-constraint-date>
    <assignment idref="r3"/>
    <start-no-earlier-than>2018-09-03T00:00:00.000Z</start-no-earlier-than>
  </task>
  <task id="t9">
    <title>功能引导图</title>
    <effort>86400</effort>
    <start-constraint-date>2018-09-28T00:00:00.000Z</start-constraint-date>
    <assignment idref="r2"/>
    <start-no-earlier-than>2018-09-28T00:00:00.000Z</start-no-earlier-than>
  </task>
  <task id="t10">
    <title>重点题目</title>
    <effort>86400</effort>
    <start-constraint-date>2018-09-28T00:00:00.000Z</start-constraint-date>
    <assignment idref="r3"/>
    <start-no-earlier-than>2018-09-28T00:00:00.000Z</start-no-earlier-than>
  </task>
  <task id="t20">
    <title>智能复习</title>
    <type>group</type>
    <start-constraint-date>2018-09-03T00:00:00.000Z</start-constraint-date>
    <child-task idref="t21"/>
    <child-task idref="t22"/>
    <child-task idref="t23"/>
    <child-task idref="t24"/>
    <child-task idref="t25"/>
    <child-task idref="t26"/>
    <start-no-earlier-than>2018-09-03T00:00:00.000Z</start-no-earlier-than>
  </task>
  <task id="t21">
    <title>智能复习默认页（无复习科目）</title>
    <effort>28800</effort>
    <start-constraint-date>2018-09-06T00:00:00.000Z</start-constraint-date>
    <assignment idref="r2"/>
    <start-no-earlier-than>2018-09-06T00:00:00.000Z</start-no-earlier-than>
  </task>
  <task id="t22">
    <title>智能复习默认页（有复习科目）</title>
    <effort>28800</effort>
    <start-constraint-date>2018-09-07T00:00:00.000Z</start-constraint-date>
    <assignment idref="r2"/>
    <start-no-earlier-than>2018-09-07T00:00:00.000Z</start-no-earlier-than>
  </task>
  <task id="t23">
    <title>智能复习（设置过科目计划）页面</title>
    <effort>28800</effort>
    <start-constraint-date>2018-09-10T00:00:00.000Z</start-constraint-date>
    <assignment idref="r2"/>
    <start-no-earlier-than>2018-09-10T00:00:00.000Z</start-no-earlier-than>
  </task>
  <task id="t24">
    <title>定制复习计划</title>
    <effort>28800</effort>
    <start-constraint-date>2018-09-11T00:00:00.000Z</start-constraint-date>
    <assignment idref="r2"/>
    <start-no-earlier-than>2018-09-11T00:00:00.000Z</start-no-earlier-than>
  </task>
  <task id="t25">
    <title>指定复习-已制定</title>
    <effort>28800</effort>
    <start-constraint-date>2018-09-12T00:00:00.000Z</start-constraint-date>
    <assignment idref="r2"/>
    <start-no-earlier-than>2018-09-12T00:00:00.000Z</start-no-earlier-than>
  </task>
  <task id="t26">
    <title>指定复习计划</title>
    <type>group</type>
    <start-constraint-date>2018-09-10T00:00:00.000Z</start-constraint-date>
    <child-task idref="t27"/>
    <child-task idref="t28"/>
    <child-task idref="t29"/>
    <start-no-earlier-than>2018-09-10T00:00:00.000Z</start-no-earlier-than>
  </task>
  <task id="t27">
    <title>选择频率</title>
    <effort>57600</effort>
    <start-constraint-date>2018-09-13T00:00:00.000Z</start-constraint-date>
    <assignment idref="r2"/>
    <start-no-earlier-than>2018-09-13T00:00:00.000Z</start-no-earlier-than>
  </task>
  <task id="t28">
    <title>选择时长</title>
    <effort>57600</effort>
    <start-constraint-date>2018-09-17T00:00:00.000Z</start-constraint-date>
    <assignment idref="r2"/>
    <start-no-earlier-than>2018-09-17T00:00:00.000Z</start-no-earlier-than>
  </task>
  <task id="t29">
    <title>选择时段</title>
    <effort>28800</effort>
    <start-constraint-date>2018-09-19T00:00:00.000Z</start-constraint-date>
    <assignment idref="r2"/>
    <start-no-earlier-than>2018-09-19T00:00:00.000Z</start-no-earlier-than>
  </task>
  <task id="t30">
    <title>做题</title>
    <type>group</type>
    <child-task idref="t31"/>
    <child-task idref="t32"/>
    <child-task idref="t33"/>
    <child-task idref="t34"/>
    <child-task idref="t35"/>
    <child-task idref="t36"/>
    <child-task idref="t37"/>
    <child-task idref="t38"/>
    <child-task idref="t39"/>
    <child-task idref="t40"/>
  </task>
  <task id="t31">
    <title>单选页面</title>
    <effort>28800</effort>
    <start-constraint-date>2018-09-04T00:00:00.000Z</start-constraint-date>
    <assignment idref="r3"/>
    <start-no-earlier-than>2018-09-04T00:00:00.000Z</start-no-earlier-than>
  </task>
  <task id="t32">
    <title>多选页面</title>
    <effort>28800</effort>
    <start-constraint-date>2018-09-07T00:00:00.000Z</start-constraint-date>
    <assignment idref="r3"/>
    <start-no-earlier-than>2018-09-07T00:00:00.000Z</start-no-earlier-than>
  </task>
  <task id="t33">
    <title>判断页面</title>
    <effort>28800</effort>
    <start-constraint-date>2018-09-10T00:00:00.000Z</start-constraint-date>
    <assignment idref="r3"/>
    <start-no-earlier-than>2018-09-10T00:00:00.000Z</start-no-earlier-than>
  </task>
  <task id="t34">
    <title>填空题页面</title>
    <effort>28800</effort>
    <start-constraint-date>2018-09-11T00:00:00.000Z</start-constraint-date>
    <assignment idref="r3"/>
    <start-no-earlier-than>2018-09-11T00:00:00.000Z</start-no-earlier-than>
  </task>
  <task id="t35">
    <title>综合题页面</title>
    <effort>86400</effort>
    <start-constraint-date>2018-09-12T00:00:00.000Z</start-constraint-date>
    <assignment idref="r3"/>
    <start-no-earlier-than>2018-09-12T00:00:00.000Z</start-no-earlier-than>
  </task>
  <task id="t36">
    <title>综合体-客观题页面</title>
    <effort>28800</effort>
    <start-constraint-date>2018-09-17T00:00:00.000Z</start-constraint-date>
    <assignment idref="r3"/>
    <start-no-earlier-than>2018-09-17T00:00:00.000Z</start-no-earlier-than>
  </task>
  <task id="t37">
    <title>做题-弹窗-选择复习时长</title>
    <effort>28800</effort>
    <start-constraint-date>2018-09-18T00:00:00.000Z</start-constraint-date>
    <assignment idref="r3"/>
    <start-no-earlier-than>2018-09-18T00:00:00.000Z</start-no-earlier-than>
  </task>
  <task id="t38">
    <title>查看答案解析</title>
    <effort>86400</effort>
    <start-constraint-date>2018-09-19T00:00:00.000Z</start-constraint-date>
    <assignment idref="r3"/>
    <start-no-earlier-than>2018-09-19T00:00:00.000Z</start-no-earlier-than>
  </task>
  <task id="t39">
    <title>复习完了-状态1</title>
    <effort>28800</effort>
    <start-constraint-date>2018-09-24T00:00:00.000Z</start-constraint-date>
    <assignment idref="r3"/>
    <start-no-earlier-than>2018-09-24T00:00:00.000Z</start-no-earlier-than>
  </task>
  <task id="t40">
    <title>复习完了-状态2</title>
    <effort>28800</effort>
    <start-constraint-date>2018-09-25T00:00:00.000Z</start-constraint-date>
    <assignment idref="r3"/>
    <start-no-earlier-than>2018-09-25T00:00:00.000Z</start-no-earlier-than>
  </task>
  <task id="t41">
    <title>全部错题页面</title>
    <effort>57600</effort>
    <start-constraint-date>2018-09-20T00:00:00.000Z</start-constraint-date>
    <assignment idref="r2"/>
    <start-no-earlier-than>2018-09-20T00:00:00.000Z</start-no-earlier-than>
  </task>
  <task id="t42">
    <title>相关题目页面</title>
    <effort>57600</effort>
    <start-constraint-date>2018-09-26T00:00:00.000Z</start-constraint-date>
    <assignment idref="r3"/>
    <start-no-earlier-than>2018-09-26T00:00:00.000Z</start-no-earlier-than>
  </task>
  <task id="t43">
    <title>错题本筛选-科目</title>
    <effort>57600</effort>
    <start-constraint-date>2018-09-24T00:00:00.000Z</start-constraint-date>
    <assignment idref="r2"/>
    <start-no-earlier-than>2018-09-24T00:00:00.000Z</start-no-earlier-than>
  </task>
  <task id="t44">
    <title>错题本筛选-选择</title>
    <effort>28800</effort>
    <start-constraint-date>2018-09-26T00:00:00.000Z</start-constraint-date>
    <assignment idref="r2"/>
    <start-no-earlier-than>2018-09-26T00:00:00.000Z</start-no-earlier-than>
  </task>
  <task id="t45">
    <title>错题本筛选-默认状态</title>
    <effort>28800</effort>
    <start-constraint-date>2018-09-27T00:00:00.000Z</start-constraint-date>
    <assignment idref="r2"/>
    <start-no-earlier-than>2018-09-27T00:00:00.000Z</start-no-earlier-than>
  </task>
  <task id="t47">
    <title>支持推送</title>
    <effort>28800</effort>
    <start-constraint-date>2018-10-09T00:00:00.000Z</start-constraint-date>
    <assignment idref="r3"/>
    <start-no-earlier-than>2018-10-09T00:00:00.000Z</start-no-earlier-than>
  </task>
  <task id="t50">
    <title>单元测试测试</title>
    <type>group</type>
    <start-constraint-date>2018-09-20T00:00:00.000Z</start-constraint-date>
    <child-task idref="t51"/>
    <child-task idref="t57"/>
    <start-no-earlier-than>2018-09-20T00:00:00.000Z</start-no-earlier-than>
  </task>
  <task id="t51">
    <title>主要流程单元测试(复习计划)</title>
    <effort>633600</effort>
    <assignment idref="r2"/>
  </task>
  <task id="t57">
    <title>主要流程单元测试（做题）</title>
    <effort>633600</effort>
    <assignment idref="r3"/>
  </task>
  <task id="t63">
    <title>自定义ViewDemo</title>
    <type>group</type>
    <start-constraint-date>2018-08-23T00:00:00.000Z</start-constraint-date>
    <child-task idref="t64"/>
    <child-task idref="t65"/>
    <end-no-earlier-than>2018-08-29T00:00:00.000Z</end-no-earlier-than>
  </task>
  <task id="t64">
    <title>知识点目录</title>
    <effort>86400</effort>
    <assignment idref="r3"/>
  </task>
  <task id="t65">
    <title>自定义日历Demo实现</title>
    <effort>115200</effort>
    <assignment idref="r2"/>
  </task>
  <critical-path root="-1" enabled="false" resources="false">
    <color r="1" g="0.5" b="0.5"/>
  </critical-path>
</scenario>
